-- Drop the database if it is currently existing
DROP DATABASE IF EXISTS grocery;
CREATE DATABASE grocery;
USE grocery;

-- Create the tables
CREATE TABLE Customer (
    CustomerID          INT,
    FirstName           VARCHAR(50),
    LastName            VARCHAR(50),
    StreetAddress       VARCHAR(100),
    City                VARCHAR(50),
    Zipcode             VARCHAR(10),
    State               CHAR(2),
    ContactNo           VARCHAR(20),
    Email               VARCHAR(100) NOT NULL UNIQUE,
CONSTRAINT pk_customer PRIMARY KEY (CustomerID)
);

CREATE TABLE Product (
    ProductID           INT,
    ProductName         VARCHAR(100) NOT NULL,
    UnitPrice           DECIMAL(10,2) NOT NULL,
    Category            VARCHAR(50) NOT NULL,
CONSTRAINT pk_product PRIMARY KEY (ProductID)
);

CREATE TABLE OnlineOrder (
    OrderID             INT,
    OrderDate           DATETIME NOT NULL,
    PaymentMethod       VARCHAR(20),
    ShipDate            DATETIME,
    OrderStatus         VARCHAR(20),
    CustomerID          INT NOT NULL,
CONSTRAINT pk_onlineorder PRIMARY KEY (OrderID),
CONSTRAINT fk_onlineorder_customer FOREIGN KEY (CustomerID)
    REFERENCES Customer(CustomerID)
);

CREATE TABLE OrderDetail (
    OrderDetailID       INT AUTO_INCREMENT,
    OrderID             INT NOT NULL,
    ProductID           INT NOT NULL,
    Qty                 INT NOT NULL,
CONSTRAINT pk_orderdetail PRIMARY KEY (OrderDetailID),
CONSTRAINT fk_orderdetail_order FOREIGN KEY (OrderID)
    REFERENCES OnlineOrder(OrderID),
CONSTRAINT fk_orderdetail_product FOREIGN KEY (ProductID)
    REFERENCES Product(ProductID)
);


-- Populate the tables with the sample data
INSERT INTO Customer (CustomerID, FirstName, LastName, StreetAddress, City, Zipcode, State, ContactNo, Email) VALUES
(1001, 'Ella', 'Smith', '4932 Oak St', 'Dallas', 91172, 'TX', '282-268-9123', 'ella.smith@example.com'),
(1002, 'Isaac', 'Davis', '2930 Pine St', 'Savannah', 36837, 'GA', '711-163-6442', 'isaac.davis@example.com'),
(1003, 'Tina', 'Garcia', '1119 Pine St', 'Phoenix', 91987, 'AZ', '463-231-4573', 'tina.garcia@example.com'),
(1004, 'Hannah', 'Smith', '4622 Elm St', 'Boston', 70037, 'MA', '207-986-4882', 'hannah.smith@example.com'),
(1005, 'Hannah', 'Young', '5945 Cedar St', 'Tucson', 39311, 'AZ', '841-161-2808', 'hannah.young@example.com'),
(1006, 'Brian', 'Nguyen', '3144 Maple St', 'Tacoma', 73094, 'WA', '929-966-6013', 'brian.nguyen@example.com'),
(1007, 'Michael', 'Johnson', '4339 Cedar St', 'Atlanta', 59167, 'GA', '641-262-3739', 'michael.johnson@example.com'),
(1008, 'Brian', 'Smith', '865 Pine St', 'Augusta', 64714, 'GA', '593-290-8174', 'brian.smith@example.com'),
(1009, 'Frank', 'Walker', '9898 Elm St', 'Albany', 47551, 'NY', '304-485-1184', 'frank.walker@example.com'),
(1010, 'Xavier', 'Lee', '238 Cedar St', 'Miami', 44538, 'FL', '228-127-5497', 'xavier.lee@example.com'),
(1011, 'Zach', 'Lewis', '8647 Maple St', 'Rochester', 89834, 'NY', '833-783-7394', 'zach.lewis@example.com'),
(1012, 'Laura', 'Lee', '899 Pine St', 'Naperville', 24563, 'IL', '793-879-4335', 'laura.lee@example.com'),
(1013, 'Rachel', 'Davis', '3059 Main St', 'Spokane', 82142, 'WA', '785-149-7815', 'rachel.davis@example.com'),
(1014, 'Uma', 'Harris', '9548 Pine St', 'Seattle', 11942, 'WA', '966-766-3200', 'uma.harris@example.com'),
(1015, 'Rachel', 'Davis', '9205 Maple St', 'Boulder', 81119, 'CO', '476-117-5335', 'rachel.davis2@example.com'),
(1016, 'Jasmine', 'Lewis', '5079 Cedar St', 'Savannah', 17914, 'GA', '408-449-9441', 'jasmine.lewis@example.com'),
(1017, 'Paula', 'Allen', '913 Cedar St', 'Chicago', 14055, 'IL', '340-909-4001', 'paula.allen@example.com'),
(1018, 'David', 'Clark', '8780 Main St', 'Boston', 48286, 'MA', '602-883-8346', 'david.clark@example.com'),
(1019, 'Quentin', 'Davis', '3203 Oak St', 'Tallahassee', 81272, 'FL', '821-287-2376', 'quentin.davis@example.com'),
(1020, 'Wendy', 'Smith', '4374 Cedar St', 'Orlando', 61461, 'FL', '663-843-5038', 'wendy.smith@example.com'),
(1021, 'Frank', 'Davis', '445 Oak St', 'Boulder', 45707, 'CO', '457-528-8842', 'frank.davis@example.com'),
(1022, 'Uma', 'Johnson', '6562 Main St', 'Atlanta', 81290, 'GA', '418-444-2468', 'uma.johnson@example.com'),
(1023, 'Paula', 'Rodriguez', '2935 Elm St', 'San Diego', 91911, 'CA', '664-349-6251', 'paula.rodriguez@example.com'),
(1024, 'Rachel', 'Lopez', '1595 Cedar St', 'Seattle', 42722, 'WA', '680-123-4351', 'rachel.lopez@example.com'),
(1025, 'Grace', 'Johnson', '7552 Maple St', 'Seattle', 24355, 'WA', '855-713-3102', 'grace.johnson@example.com'),
(1026, 'Quentin', 'Lopez', '3803 Pine St', 'Tacoma', 82152, 'WA', '481-335-3503', 'quentin.lopez@example.com'),
(1027, 'Yvonne', 'Young', '6502 Cedar St', 'Jacksonville', 97694, 'FL', '894-966-7852', 'yvonne.young@example.com'),
(1028, 'Quentin', 'Smith', '553 Pine St', 'Fresno', 66660, 'CA', '752-897-8955', 'quentin.smith@example.com'),
(1029, 'Oscar', 'Allen', '1008 Main St', 'Seattle', 73639, 'WA', '977-811-2370', 'oscar.allen@example.com'),
(1030, 'Victor', 'Garcia', '7448 Elm St', 'Tacoma', 87460, 'WA', '521-964-8396', 'victor.garcia@example.com'),
(1031, 'Isaac', 'Lopez', '8883 Pine St', 'Albany', 85080, 'NY', '288-458-7559', 'isaac.lopez@example.com'),
(1032, 'Brian', 'Clark', '3671 Main St', 'Phoenix', 30518, 'AZ', '866-388-7218', 'brian.clark@example.com'),
(1033, 'Catherine', 'Harris', '2732 Pine St', 'Tacoma', 64673, 'WA', '845-446-7734', 'catherine.harris@example.com'),
(1034, 'Grace', 'Johnson', '6284 Elm St', 'Savannah', 98978, 'GA', '802-698-8497', 'grace.johnson2@example.com'),
(1035, 'Hannah', 'King', '9121 Pine St', 'Orlando', 77658, 'FL', '480-762-7761', 'hannah.king@example.com'),
(1036, 'Rachel', 'Davis', '7717 Cedar St', 'Cambridge', 12692, 'MA', '891-613-4927', 'rachel.davis3@example.com'),
(1037, 'Grace', 'Miller', '5423 Oak St', 'Houston', 64984, 'TX', '293-956-8394', 'grace.miller@example.com'),
(1038, 'Yvonne', 'Lewis', '5891 Elm St', 'Jacksonville', 81147, 'FL', '305-489-2216', 'yvonne.lewis@example.com'),
(1039, 'Rachel', 'Hall', '6919 Oak St', 'Seattle', 96263, 'WA', '435-160-9371', 'rachel.hall@example.com'),
(1040, 'Wendy', 'Young', '5446 Main St', 'San Diego', 44786, 'CA', '525-431-8557', 'wendy.young@example.com'),
(1041, 'Xavier', 'Wilson', '528 Maple St', 'Chicago', 51375, 'IL', '766-758-2145', 'xavier.wilson@example.com'),
(1042, 'Victor', 'Nguyen', '4534 Maple St', 'Tucson', 59017, 'AZ', '955-833-3513', 'victor.nguyen@example.com'),
(1043, 'Laura', 'King', '4146 Pine St', 'Fresno', 78408, 'CA', '541-457-4255', 'laura.king@example.com'),
(1044, 'Michael', 'Hall', '2529 Main St', 'Spokane', 89547, 'WA', '547-176-9671', 'michael.hall@example.com'),
(1045, 'Tina', 'Smith', '7891 Pine St', 'Augusta', 30594, 'GA', '911-588-5509', 'tina.smith@example.com'),
(1046, 'Frank', 'Harris', '1817 Elm St', 'Augusta', 32317, 'GA', '877-664-8940', 'frank.harris@example.com'),
(1047, 'Rachel', 'Lee', '4115 Oak St', 'Seattle', 99372, 'WA', '720-392-9742', 'rachel.lee@example.com'),
(1048, 'Jasmine', 'Harris', '7704 Cedar St', 'Savannah', 52521, 'GA', '626-188-3658', 'jasmine.harris@example.com'),
(1049, 'Tina', 'Allen', '2882 Cedar St', 'Atlanta', 58402, 'GA', '550-110-8693', 'tina.allen@example.com'),
(1050, 'Hannah', 'Lee', '9660 Cedar St', 'Phoenix', 49645, 'AZ', '338-947-4243', 'hannah.lee@example.com'),
(1051, 'David', 'Brown', '1671 Main St', 'Phoenix', 91853, 'AZ', '530-594-4245', 'david.brown@example.com'),
(1052, 'Paula', 'Lewis', '1098 Main St', 'Boulder', 53521, 'CO', '673-882-5935', 'paula.lewis@example.com'),
(1053, 'Rachel', 'Clark', '9598 Elm St', 'El Paso', 55416, 'TX', '976-481-1479', 'rachel.clark@example.com'),
(1054, 'Oscar', 'Lewis', '1601 Main St', 'Boston', 46920, 'MA', '591-551-3342', 'oscar.lewis@example.com'),
(1055, 'Isaac', 'Allen', '893 Pine St', 'Tucson', 77383, 'AZ', '388-818-5300', 'isaac.allen@example.com'),
(1056, 'Isaac', 'Rodriguez', '4912 Cedar St', 'Dallas', 44462, 'TX', '422-353-4474', 'isaac.rodriguez@example.com'),
(1057, 'David', 'Smith', '6551 Cedar St', 'El Paso', 75164, 'TX', '870-286-6204', 'david.smith@example.com'),
(1058, 'Oscar', 'Davis', '6990 Main St', 'New York', 43551, 'NY', '261-702-9985', 'oscar.davis@example.com'),
(1059, 'Grace', 'Rodriguez', '5840 Main St', 'Cambridge', 63619, 'MA', '644-714-5781', 'grace.rodriguez@example.com'),
(1060, 'Zach', 'King', '4522 Maple St', 'Jacksonville', 35461, 'FL', '553-632-2932', 'zach.king@example.com'),
(1061, 'Yvonne', 'Miller', '5387 Main St', 'Worcester', 19413, 'MA', '524-183-4169', 'yvonne.miller@example.com'),
(1062, 'Wendy', 'King', '8637 Cedar St', 'Tacoma', 41728, 'WA', '854-467-4936', 'wendy.king@example.com'),
(1063, 'David', 'Young', '1849 Cedar St', 'Augusta', 80422, 'GA', '302-138-6071', 'david.young@example.com'),
(1064, 'Jasmine', 'Johnson', '5795 Maple St', 'Tampa', 55001, 'FL', '980-772-2890', 'jasmine.johnson@example.com'),
(1065, 'Sam', 'Lopez', '671 Elm St', 'Springfield', 53318, 'IL', '231-889-7550', 'sam.lopez@example.com'),
(1066, 'Sam', 'Smith', '1552 Main St', 'Mesa', 14076, 'AZ', '910-386-7379', 'sam.smith@example.com'),
(1067, 'Zach', 'Lee', '2005 Main St', 'Savannah', 23044, 'GA', '862-829-5286', 'zach.lee@example.com'),
(1068, 'Frank', 'Martinez', '9878 Main St', 'Augusta', 58118, 'GA', '854-618-4267', 'frank.martinez@example.com'),
(1069, 'Isaac', 'King', '743 Maple St', 'Augusta', 77935, 'GA', '649-663-7089', 'isaac.king@example.com'),
(1070, 'Victor', 'Martinez', '2940 Elm St', 'Tacoma', 84567, 'WA', '227-564-6960', 'victor.martinez@example.com'),
(1071, 'Ella', 'Lopez', '3802 Main St', 'Cambridge', 37110, 'MA', '266-765-8107', 'ella.lopez@example.com'),
(1072, 'Oscar', 'Davis', '4411 Oak St', 'Mesa', 88429, 'AZ', '958-476-9860', 'oscar.davis2@example.com'),
(1073, 'Paula', 'Garcia', '7585 Main St', 'Spokane', 61527, 'WA', '253-632-3602', 'paula.garcia@example.com'),
(1074, 'Brian', 'Hall', '7071 Pine St', 'Mesa', 45030, 'AZ', '349-163-9111', 'brian.hall@example.com'),
(1075, 'Zach', 'Martinez', '1939 Pine St', 'Tucson', 35481, 'AZ', '347-544-1963', 'zach.martinez@example.com'),
(1076, 'Uma', 'Davis', '1512 Oak St', 'Denver', 16066, 'CO', '817-208-4637', 'uma.davis@example.com'),
(1077, 'Tina', 'Miller', '348 Oak St', 'Tacoma', 25305, 'WA', '309-568-6032', 'tina.miller@example.com'),
(1078, 'Nina', 'Garcia', '4371 Maple St', 'Savannah', 35796, 'GA', '697-743-5397', 'nina.garcia@example.com'),
(1079, 'Uma', 'Brown', '2038 Cedar St', 'Worcester', 82103, 'MA', '661-904-5485', 'uma.brown@example.com'),
(1080, 'Rachel', 'Martinez', '3950 Pine St', 'Denver', 44015, 'CO', '853-336-2719', 'rachel.martinez@example.com'),
(1081, 'Paula', 'Brown', '637 Pine St', 'Seattle', 51102, 'WA', '834-440-6052', 'paula.brown@example.com'),
(1082, 'Quentin', 'Wilson', '8018 Elm St', 'Dallas', 52568, 'TX', '564-515-2622', 'quentin.wilson@example.com'),
(1083, 'Isaac', 'Allen', '974 Pine St', 'Naperville', 82379, 'IL', '297-702-7767', 'isaac.allen2@example.com'),
(1084, 'Frank', 'Brown', '9619 Elm St', 'San Diego', 73611, 'CA', '287-413-8580', 'frank.brown@example.com'),
(1085, 'Quentin', 'Lewis', '5036 Oak St', 'Spokane', 50931, 'WA', '840-190-3481', 'quentin.lewis@example.com'),
(1086, 'Kyle', 'King', '4963 Cedar St', 'Augusta', 74883, 'GA', '320-585-3456', 'kyle.king@example.com'),
(1087, 'Michael', 'Wilson', '7598 Maple St', 'Fresno', 50132, 'CA', '370-379-8109', 'michael.wilson@example.com'),
(1088, 'Grace', 'Lopez', '6857 Cedar St', 'Tacoma', 31136, 'WA', '920-577-9189', 'grace.lopez@example.com'),
(1089, 'Alice', 'Lopez', '6930 Oak St', 'Boulder', 20516, 'CO', '667-920-8104', 'alice.lopez@example.com'),
(1090, 'Michael', 'Rodriguez', '6331 Cedar St', 'Buffalo', 77369, 'NY', '505-988-1875', 'michael.rodriguez@example.com'),
(1091, 'Tina', 'King', '120 Maple St', 'Seattle', 53009, 'WA', '878-883-5675', 'tina.king@example.com'),
(1092, 'Tina', 'Hall', '8112 Cedar St', 'Phoenix', 63097, 'AZ', '589-390-9937', 'tina.hall@example.com'),
(1093, 'Uma', 'King', '3151 Cedar St', 'Albany', 23122, 'NY', '983-364-4073', 'uma.king@example.com'),
(1094, 'Quentin', 'Brown', '3446 Maple St', 'Savannah', 62957, 'GA', '816-200-5808', 'quentin.brown@example.com'),
(1095, 'Yvonne', 'Davis', '4308 Main St', 'Seattle', 36382, 'WA', '725-726-9206', 'yvonne.davis@example.com'),
(1096, 'Hannah', 'Brown', '7635 Elm St', 'Buffalo', 78981, 'NY', '367-389-4196', 'hannah.brown@example.com'),
(1097, 'Uma', 'Harris', '5313 Elm St', 'Springfield', 90689, 'IL', '849-490-7257', 'uma.harris2@example.com'),
(1098, 'Michael', 'Johnson', '1133 Elm St', 'Albany', 96125, 'NY', '803-447-8852', 'michael.johnson2@example.com'),
(1099, 'Xavier', 'Young', '8334 Oak St', 'Tucson', 20551, 'AZ', '690-524-8928', 'xavier.young@example.com'),
(1100, 'Ella', 'Smith', '9092 Cedar St', 'Tucson', 82619, 'AZ', '416-877-8401', 'ella.smith2@example.com'),
(1101, 'Rachel', 'King', '6089 Main St', 'Boulder', 80312, 'CO', '791-603-2945', 'rachel.king@example.com'),
(1102, 'Wendy', 'Harris', '8548 Pine St', 'Albany', 60039, 'NY', '634-585-2121', 'wendy.harris@example.com'),
(1103, 'Hannah', 'Davis', '3685 Cedar St', 'Spokane', 69720, 'WA', '896-164-2408', 'hannah.davis@example.com'),
(1104, 'Rachel', 'Martinez', '8450 Main St', 'Sacramento', 97806, 'CA', '459-959-6916', 'rachel.martinez2@example.com'),
(1105, 'Xavier', 'Rodriguez', '2509 Maple St', 'Atlanta', 12949, 'GA', '769-716-9413', 'xavier.rodriguez@example.com'),
(1106, 'Wendy', 'Harris', '2867 Main St', 'Boston', 69396, 'MA', '272-559-3087', 'wendy.harris2@example.com'),
(1107, 'Victor', 'Garcia', '9696 Elm St', 'Austin', 82304, 'TX', '298-542-7381', 'victor.garcia2@example.com'),
(1108, 'Wendy', 'Hall', '1090 Main St', 'Mesa', 42924, 'AZ', '771-779-2599', 'wendy.hall@example.com'),
(1109, 'Wendy', 'Rodriguez', '6144 Oak St', 'Denver', 29380, 'CO', '386-744-9596', 'wendy.rodriguez@example.com'),
(1110, 'Uma', 'Brown', '7971 Elm St', 'Orlando', 34081, 'FL', '720-165-4583', 'uma.brown2@example.com'),
(1111, 'Xavier', 'King', '2619 Maple St', 'Naperville', 44417, 'IL', '968-420-8513', 'xavier.king@example.com'),
(1112, 'Wendy', 'Hall', '5621 Elm St', 'Tucson', 82675, 'AZ', '561-516-5302', 'wendy.hall2@example.com'),
(1113, 'Michael', 'Allen', '9261 Main St', 'San Jose', 52344, 'CA', '772-876-9804', 'michael.allen@example.com'),
(1114, 'Laura', 'Lee', '7473 Pine St', 'Jacksonville', 30815, 'FL', '669-573-2720', 'laura.lee2@example.com'),
(1115, 'Rachel', 'Hall', '2266 Pine St', 'Phoenix', 90023, 'AZ', '779-153-5184', 'rachel.hall2@example.com'),
(1116, 'Isaac', 'Nguyen', '2907 Oak St', 'San Antonio', 13902, 'TX', '357-175-5932', 'isaac.nguyen@example.com'),
(1117, 'Hannah', 'King', '2542 Main St', 'Austin', 21314, 'TX', '690-325-8294', 'hannah.king2@example.com'),
(1118, 'Wendy', 'Lopez', '4822 Cedar St', 'Los Angeles', 28001, 'CA', '725-746-9830', 'wendy.lopez@example.com'),
(1119, 'Brian', 'Davis', '9966 Cedar St', 'Seattle', 25117, 'WA', '814-130-7388', 'brian.davis@example.com'),
(1120, 'Sam', 'Smith', '6679 Pine St', 'Seattle', 15525, 'WA', '315-245-8378', 'sam.smith2@example.com');

INSERT INTO Product (ProductID, ProductName, UnitPrice, Category) VALUES
(2001, 'Gala Apples 1lb', 8.92, 'Produce'),
(2002, 'Organic Bananas 1lb', 5.38, 'Produce'),
(2003, 'Baby Spinach 5oz', 6.42, 'Produce'),
(2004, 'Red Onions 2lb', 1.92, 'Produce'),
(2005, 'Avocados 2ct', 24.94, 'Produce'),
(2006, 'Strawberries 1lb', 24.25, 'Produce'),
(2007, 'Lemons 2lb', 18.09, 'Produce'),
(2008, 'Broccoli Crowns 1lb', 28.04, 'Produce'),
(2009, 'Roma Tomatoes 1lb', 1.68, 'Produce'),
(2010, 'Seedless Grapes 2lb', 4.09, 'Produce'),
(2011, 'Carrots 2lb', 26.63, 'Produce'),
(2012, 'Russet Potatoes 5lb', 27.34, 'Produce'),
(2013, 'Whole Milk 1L', 3.4, 'Dairy'),
(2014, 'Low-Fat Milk 1L', 12.25, 'Dairy'),
(2015, 'Cheddar Cheese 8oz', 1.06, 'Dairy'),
(2016, 'Mozzarella Cheese 8oz', 14.19, 'Dairy'),
(2017, 'Greek Yogurt 4-pack', 8.01, 'Dairy'),
(2018, 'Butter 1lb', 28.4, 'Dairy'),
(2019, 'Eggs 12ct', 7.2, 'Dairy'),
(2020, 'Cream Cheese 8oz', 20.9, 'Dairy'),
(2021, 'Sour Cream 8oz', 15.61, 'Dairy'),
(2022, 'Cottage Cheese 16oz', 16.89, 'Dairy'),
(2023, 'Whole Wheat Bread Loaf', 20.43, 'Bakery'),
(2024, 'White Sandwich Bread', 27.92, 'Bakery'),
(2025, 'Blueberry Muffins 4ct', 12.79, 'Bakery'),
(2026, 'Bagels 6ct', 6.6, 'Bakery'),
(2027, 'Croissants 4ct', 12.05, 'Bakery'),
(2028, 'Chocolate Cake Slice', 20.21, 'Bakery'),
(2029, 'Apple Pie 9in', 12.97, 'Bakery'),
(2030, 'Orange Juice 1L', 21.53, 'Beverages'),
(2031, 'Apple Juice 1L', 2.16, 'Beverages'),
(2032, 'Sparkling Water 12-pack', 24.33, 'Beverages'),
(2033, 'Iced Coffee 500ml', 11.36, 'Beverages'),
(2034, 'Green Tea 20ct', 22.58, 'Beverages'),
(2035, 'Cola 6-pack', 1.7, 'Beverages'),
(2036, 'Mineral Water 1L', 9.34, 'Beverages'),
(2037, 'Potato Chips 8oz', 18.97, 'Snacks'),
(2038, 'Pretzels 10oz', 21.33, 'Snacks'),
(2039, 'Trail Mix 12oz', 17.17, 'Snacks'),
(2040, 'Chocolate Bar 3oz', 10.55, 'Snacks'),
(2041, 'Granola Bars 6ct', 28.28, 'Snacks'),
(2042, 'Popcorn 3-pack', 13.63, 'Snacks'),
(2043, 'Peanut Butter Crackers 6ct', 19.84, 'Snacks'),
(2044, 'Chicken Breast 1lb', 3.89, 'Meat & Seafood'),
(2045, 'Ground Beef 1lb', 19.69, 'Meat & Seafood'),
(2046, 'Pork Chops 1lb', 5.79, 'Meat & Seafood'),
(2047, 'Salmon Fillet 1lb', 4.17, 'Meat & Seafood'),
(2048, 'Shrimp 1lb', 13.12, 'Meat & Seafood'),
(2049, 'Bacon 12oz', 24.72, 'Meat & Seafood'),
(2050, 'Turkey Slices 8oz', 24.73, 'Meat & Seafood'),
(2051, 'Frozen Pizza 12in', 24.78, 'Frozen Foods'),
(2052, 'Frozen Mixed Vegetables 16oz', 18.91, 'Frozen Foods'),
(2053, 'Ice Cream Pint', 5.37, 'Frozen Foods'),
(2054, 'French Fries 32oz', 21.03, 'Frozen Foods'),
(2055, 'Frozen Burritos 6ct', 22.46, 'Frozen Foods'),
(2056, 'Frozen Waffles 10ct', 11.04, 'Frozen Foods'),
(2057, 'Olive Oil 500ml', 12.69, 'Pantry'),
(2058, 'Peanut Butter 16oz', 9.32, 'Pantry'),
(2059, 'Spaghetti Pasta 1lb', 20.86, 'Pantry'),
(2060, 'Tomato Sauce 24oz', 23.43, 'Pantry'),
(2061, 'White Rice 2lb', 12.44, 'Pantry'),
(2062, 'Black Beans 15oz', 28.18, 'Pantry'),
(2063, 'Cereal 18oz', 4.08, 'Pantry'),
(2064, 'Honey 12oz', 29.25, 'Pantry'),
(2065, 'Flour 5lb', 1.91, 'Pantry'),
(2066, 'Sugar 4lb', 16.09, 'Pantry'),
(2067, 'Baking Soda 1lb', 9.46, 'Pantry'),
(2068, 'Salt 26oz', 20.26, 'Pantry'),
(2069, 'Paper Towels 6-roll', 11.59, 'Household'),
(2070, 'Toilet Paper 12-roll', 9.22, 'Household'),
(2071, 'Dish Soap 16oz', 20.89, 'Household'),
(2072, 'Laundry Detergent 64oz', 4.39, 'Household'),
(2073, 'Trash Bags 30ct', 11.6, 'Household'),
(2074, 'Aluminum Foil 75ft', 25.79, 'Household'),
(2075, 'Shampoo 12oz', 2.2, 'Health & Personal Care'),
(2076, 'Toothpaste 6oz', 19.11, 'Health & Personal Care'),
(2077, 'Bar Soap 3-pack', 8.58, 'Health & Personal Care'),
(2078, 'Hand Sanitizer 8oz', 5.27, 'Health & Personal Care'),
(2079, 'Facial Tissue 3-box', 22.54, 'Health & Personal Care'),
(2080, 'Body Lotion 12oz', 25.75, 'Health & Personal Care'),
(2081, 'Deodorant 2.5oz', 6.65, 'Health & Personal Care');

INSERT INTO OnlineOrder (OrderID, OrderDate, PaymentMethod, ShipDate, OrderStatus, CustomerID) VALUES
(3001, '2025-07-08 14:37:12', 'Credit Card', '2025-07-10 10:24:19', 'Shipped', 1102),
(3002, '2025-04-30 09:22:45', 'Debit Card', '2025-05-04 08:17:33', 'Shipped', 1108),
(3003, '2025-02-25 17:55:08', 'Gift Card', '2025-03-04 09:42:56', 'Shipped', 1025),
(3004, '2025-06-14 11:16:39', 'Debit Card', '2025-06-19 19:28:02', 'Delivered', 1109),
(3005, '2025-05-31 19:02:27', 'Gift Card', '2025-06-07 11:33:11', 'Delivered', 1040),
(3006, '2025-06-02 08:13:04', 'Credit Card', NULL, 'Pending', 1116),
(3007, '2025-07-19 22:47:51', 'Gift Card', NULL, 'Pending', 1066),
(3008, '2025-04-27 13:34:18', 'Debit Card', NULL, 'Cancelled', 1009),
(3009, '2025-09-23 10:28:44', 'Gift Card', '2025-09-25 16:12:37', 'Shipped', 1023),
(3010, '2025-06-24 15:19:36', 'Gift Card', NULL, 'Pending', 1104),
(3011, '2025-02-04 16:44:09', 'Credit Card', '2025-02-09 11:06:18', 'Shipped', 1030),
(3012, '2025-09-01 07:51:28', 'PayPal', '2025-09-07 14:45:20', 'Shipped', 1070),
(3013, '2025-09-14 21:09:42', 'Gift Card', NULL, 'Pending', 1058),
(3014, '2025-01-25 11:23:58', 'Credit Card', NULL, 'Cancelled', 1101),
(3015, '2025-05-20 18:39:21', 'Debit Card', NULL, 'Cancelled', 1033),
(3016, '2025-05-22 09:42:12', 'PayPal', NULL, 'Pending', 1112),
(3017, '2025-06-01 14:27:47', 'PayPal', '2025-06-02 11:54:59', 'Shipped', 1046),
(3018, '2025-03-18 10:08:33', 'Credit Card', NULL, 'Cancelled', 1010),
(3019, '2025-04-19 12:55:05', 'PayPal', NULL, 'Cancelled', 1103),
(3020, '2025-02-17 20:31:59', 'Gift Card', '2025-02-18 10:27:08', 'Shipped', 1063),
(3021, '2025-04-03 07:22:49', 'Gift Card', NULL, 'Cancelled', 1048),
(3022, '2025-02-08 08:47:31', 'Gift Card', NULL, 'Pending', 1037),
(3023, '2025-07-17 19:11:54', 'Debit Card', '2025-07-23 17:44:13', 'Delivered', 1003),
(3024, '2025-06-16 17:59:13', 'Debit Card', NULL, 'Pending', 1119),
(3025, '2025-08-01 09:40:20', 'Gift Card', NULL, 'Cancelled', 1095),
(3026, '2025-08-27 22:05:43', 'Debit Card', NULL, 'Pending', 1065),
(3027, '2025-05-19 16:18:56', 'Credit Card', '2025-05-26 14:07:36', 'Delivered', 1094),
(3028, '2025-06-15 07:37:17', 'PayPal', '2025-06-16 15:30:19', 'Delivered', 1001),
(3029, '2025-03-05 15:12:31', 'Credit Card', NULL, 'Cancelled', 1107),
(3030, '2025-03-10 13:33:03', 'Debit Card', NULL, 'Pending', 1004),
(3031, '2025-08-22 11:46:58', 'Debit Card', NULL, 'Pending', 1070),
(3032, '2025-09-22 20:09:25', 'Gift Card', NULL, 'Cancelled', 1025),
(3033, '2025-07-01 18:25:44', 'PayPal', '2025-07-02 13:49:17', 'Shipped', 1018),
(3034, '2025-04-10 09:11:32', 'Gift Card', '2025-04-13 19:27:44', 'Shipped', 1065),
(3035, '2025-01-17 14:03:57', 'PayPal', '2025-01-24 16:32:08', 'Shipped', 1003),
(3036, '2025-02-05 16:08:29', 'Credit Card', '2025-02-11 12:10:05', 'Shipped', 1026),
(3037, '2025-01-05 10:27:40', 'PayPal', '2025-01-06 08:40:49', 'Shipped', 1044),
(3038, '2025-04-13 13:18:55', 'Debit Card', NULL, 'Cancelled', 1019),
(3039, '2025-01-23 07:59:18', 'PayPal', '2025-01-25 14:26:31', 'Shipped', 1104),
(3040, '2025-08-23 12:40:36', 'PayPal', NULL, 'Pending', 1018),
(3041, '2025-10-01 19:31:09', 'PayPal', NULL, 'Cancelled', 1031),
(3042, '2025-05-24 21:05:53', 'PayPal', '2025-05-29 11:38:21', 'Delivered', 1102),
(3043, '2025-03-31 11:19:11', 'Credit Card', NULL, 'Pending', 1093),
(3044, '2025-01-25 15:24:40', 'Credit Card', '2025-02-01 10:16:07', 'Delivered', 1064),
(3045, '2025-09-14 10:07:42', 'PayPal', '2025-09-21 09:49:55', 'Delivered', 1114),
(3046, '2025-05-26 08:17:29', 'PayPal', '2025-05-29 15:54:23', 'Delivered', 1086),
(3047, '2025-09-10 18:43:02', 'PayPal', NULL, 'Pending', 1049),
(3048, '2025-08-15 14:32:50', 'PayPal', NULL, 'Cancelled', 1019),
(3049, '2025-09-09 09:10:18', 'Debit Card', '2025-09-12 10:21:40', 'Shipped', 1052),
(3050, '2025-02-05 07:56:30', 'Credit Card', '2025-02-06 11:22:53', 'Shipped', 1028),
(3051, '2025-09-23 22:20:37', 'Credit Card', NULL, 'Pending', 1090),
(3052, '2025-06-13 08:54:22', 'Debit Card', NULL, 'Cancelled', 1097),
(3053, '2025-02-26 17:14:41', 'Credit Card', NULL, 'Cancelled', 1087),
(3054, '2025-09-26 20:47:16', 'Credit Card', NULL, 'Cancelled', 1016),
(3055, '2025-01-24 12:39:08', 'Credit Card', '2025-01-25 08:53:47', 'Delivered', 1076),
(3056, '2025-03-22 16:15:59', 'Debit Card', NULL, 'Cancelled', 1042),
(3057, '2025-06-10 10:42:06', 'Credit Card', NULL, 'Cancelled', 1104),
(3058, '2025-09-24 15:33:28', 'Credit Card', NULL, 'Pending', 1073),
(3059, '2025-09-15 08:11:39', 'PayPal', NULL, 'Pending', 1017),
(3060, '2025-07-21 22:04:15', 'Gift Card', '2025-07-27 19:50:32', 'Shipped', 1056),
(3061, '2025-08-12 19:46:23', 'Credit Card', NULL, 'Pending', 1005),
(3062, '2025-09-16 09:59:55', 'PayPal', NULL, 'Pending', 1005),
(3063, '2025-05-12 14:21:04', 'PayPal', NULL, 'Pending', 1083),
(3064, '2025-07-19 07:28:32', 'Credit Card', '2025-07-21 09:43:17', 'Delivered', 1111),
(3065, '2025-03-06 17:45:07', 'Gift Card', '2025-03-09 08:32:16', 'Delivered', 1059),
(3066, '2025-02-23 10:51:20', 'PayPal', '2025-02-26 14:09:52', 'Delivered', 1025),
(3067, '2025-05-01 21:07:43', 'Debit Card', NULL, 'Cancelled', 1061),
(3068, '2025-03-26 15:14:18', 'Credit Card', NULL, 'Cancelled', 1074),
(3069, '2025-08-31 11:33:05', 'Gift Card', NULL, 'Pending', 1011),
(3070, '2025-04-07 13:09:47', 'PayPal', '2025-04-09 17:38:25', 'Delivered', 1071),
(3071, '2025-05-05 08:43:29', 'Gift Card', '2025-05-08 13:22:15', 'Delivered', 1092),
(3072, '2025-05-08 15:11:48', 'Debit Card', NULL, 'Pending', 1072),
(3073, '2025-08-04 09:59:26', 'Debit Card', '2025-08-11 11:41:17', 'Delivered', 1005),
(3074, '2025-03-18 14:34:19', 'PayPal', '2025-03-19 19:46:33', 'Shipped', 1106),
(3075, '2025-07-21 10:08:44', 'Credit Card', '2025-07-27 16:52:27', 'Delivered', 1065),
(3076, '2025-06-11 11:42:31', 'Credit Card', '2025-06-17 15:20:09', 'Shipped', 1085),
(3077, '2025-09-07 13:12:05', 'PayPal', NULL, 'Pending', 1066),
(3078, '2025-05-02 08:19:43', 'Credit Card', NULL, 'Pending', 1108),
(3079, '2025-06-22 16:22:58', 'PayPal', NULL, 'Cancelled', 1111),
(3080, '2025-08-13 07:17:14', 'Gift Card', NULL, 'Pending', 1073),
(3081, '2025-03-14 09:45:31', 'Debit Card', '2025-03-19 17:16:09', 'Delivered', 1049),
(3082, '2025-01-21 13:22:54', 'Gift Card', NULL, 'Pending', 1046),
(3083, '2025-05-11 07:43:38', 'Debit Card', NULL, 'Pending', 1016),
(3084, '2025-01-29 09:35:42', 'Debit Card', NULL, 'Cancelled', 1092),
(3085, '2025-06-29 16:28:03', 'PayPal', NULL, 'Pending', 1083),
(3086, '2025-08-10 12:42:55', 'Gift Card', NULL, 'Pending', 1042),
(3087, '2025-08-16 19:37:08', 'Debit Card', NULL, 'Pending', 1013),
(3088, '2025-06-09 08:23:47', 'PayPal', NULL, 'Pending', 1050),
(3089, '2025-05-01 10:14:55', 'PayPal', '2025-05-06 14:50:32', 'Shipped', 1089),
(3090, '2025-06-07 09:11:27', 'Credit Card', '2025-06-13 17:05:18', 'Shipped', 1078),
(3091, '2025-02-05 08:10:22', 'Credit Card', '2025-02-11 15:30:03', 'Delivered', 1005),
(3092, '2025-05-18 14:39:55', 'Debit Card', NULL, 'Pending', 1036),
(3093, '2025-04-01 08:25:47', 'Debit Card', NULL, 'Cancelled', 1115),
(3094, '2025-04-29 11:12:16', 'Gift Card', NULL, 'Cancelled', 1017),
(3095, '2025-04-29 09:33:11', 'Gift Card', '2025-05-04 18:17:03', 'Delivered', 1052),
(3096, '2025-05-23 17:15:09', 'PayPal', '2025-05-24 13:42:08', 'Delivered', 1099),
(3097, '2025-09-25 10:39:20', 'Debit Card', NULL, 'Cancelled', 1081),
(3098, '2025-04-17 12:53:38', 'Credit Card', '2025-04-18 14:16:11', 'Delivered', 1036),
(3099, '2025-06-23 13:21:02', 'Debit Card', '2025-06-30 11:59:26', 'Delivered', 1093),
(3100, '2025-03-13 10:37:55', 'Credit Card', NULL, 'Cancelled', 1084),
(3101, '2025-05-04 07:18:40', 'PayPal', NULL, 'Cancelled', 1016),
(3102, '2025-09-30 08:19:15', 'Debit Card', NULL, 'Pending', 1103),
(3103, '2025-04-13 09:52:23', 'Gift Card', NULL, 'Cancelled', 1066),
(3104, '2025-07-17 13:41:29', 'Gift Card', '2025-07-19 09:28:45', 'Shipped', 1025),
(3105, '2025-09-17 15:07:32', 'Debit Card', NULL, 'Cancelled', 1004),
(3106, '2025-07-21 10:25:26', 'Gift Card', NULL, 'Pending', 1042),
(3107, '2025-06-12 08:11:52', 'Credit Card', NULL, 'Cancelled', 1044),
(3108, '2025-04-12 11:33:48', 'Credit Card', '2025-04-14 17:07:24', 'Shipped', 1051),
(3109, '2025-04-05 10:28:41', 'Credit Card', '2025-04-09 14:21:52', 'Shipped', 1086),
(3110, '2025-09-05 13:37:19', 'PayPal', NULL, 'Cancelled', 1068),
(3111, '2025-01-04 08:10:53', 'PayPal', '2025-01-11 09:19:22', 'Shipped', 1076),
(3112, '2025-02-07 14:51:29', 'PayPal', NULL, 'Pending', 1008),
(3113, '2025-06-27 16:43:55', 'PayPal', '2025-07-03 18:29:14', 'Shipped', 1047),
(3114, '2025-08-23 09:32:28', 'Debit Card', NULL, 'Pending', 1070),
(3115, '2025-03-05 07:49:56', 'Credit Card', NULL, 'Pending', 1029),
(3116, '2025-05-04 11:12:24', 'Gift Card', NULL, 'Pending', 1062),
(3117, '2025-06-11 10:14:18', 'Credit Card', NULL, 'Cancelled', 1116),
(3118, '2025-05-10 12:33:47', 'Gift Card', '2025-05-13 16:51:19', 'Delivered', 1014),
(3119, '2025-02-21 08:47:39', 'Credit Card', '2025-02-25 14:13:33', 'Delivered', 1084),
(3120, '2025-04-02 13:42:27', 'Gift Card', NULL, 'Cancelled', 1112),
(3121, '2025-03-30 07:59:12', 'PayPal', NULL, 'Pending', 1041),
(3122, '2025-01-26 09:17:21', 'Gift Card', '2025-01-27 10:42:39', 'Delivered', 1006),
(3123, '2025-04-12 08:32:11', 'Credit Card', '2025-04-17 14:15:09', 'Delivered', 1003),
(3124, '2025-06-05 09:23:40', 'PayPal', '2025-06-11 11:18:52', 'Shipped', 1021),
(3125, '2025-09-02 14:19:55', 'Credit Card', '2025-09-07 10:36:48', 'Shipped', 1093),
(3126, '2025-08-08 15:07:18', 'Debit Card', NULL, 'Pending', 1078),
(3127, '2025-07-16 08:43:31', 'Debit Card', NULL, 'Cancelled', 1050),
(3128, '2025-01-29 07:12:59', 'Credit Card', '2025-02-04 09:45:41', 'Delivered', 1107),
(3129, '2025-05-11 08:10:38', 'Credit Card', '2025-05-16 09:27:40', 'Delivered', 1110),
(3130, '2025-02-02 09:44:23', 'PayPal', '2025-02-07 13:41:22', 'Shipped', 1114),
(3131, '2025-08-24 12:13:09', 'PayPal', '2025-08-31 15:37:11', 'Delivered', 1116),
(3132, '2025-09-23 09:18:37', 'Debit Card', '2025-09-26 14:48:59', 'Delivered', 1107),
(3133, '2025-09-28 13:45:55', 'Gift Card', NULL, 'Pending', 1074),
(3134, '2025-01-23 08:21:18', 'Gift Card', NULL, 'Pending', 1032),
(3135, '2025-02-12 10:54:19', 'PayPal', NULL, 'Cancelled', 1092),
(3136, '2025-06-05 13:39:25', 'Gift Card', '2025-06-12 11:10:08', 'Delivered', 1041),
(3137, '2025-09-25 10:08:14', 'PayPal', NULL, 'Pending', 1041),
(3138, '2025-09-24 09:47:56', 'PayPal', NULL, 'Pending', 1021),
(3139, '2025-09-13 15:16:47', 'Credit Card', NULL, 'Pending', 1008),
(3140, '2025-05-01 07:18:33', 'PayPal', NULL, 'Cancelled', 1087),
(3141, '2025-04-13 09:48:24', 'Gift Card', '2025-04-16 15:12:18', 'Delivered', 1098),
(3142, '2025-08-31 11:13:48', 'Gift Card', NULL, 'Pending', 1081),
(3143, '2025-03-15 08:32:55', 'Gift Card', '2025-03-20 19:28:19', 'Delivered', 1086),
(3144, '2025-07-03 10:24:27', 'PayPal', NULL, 'Pending', 1031),
(3145, '2025-04-11 09:47:56', 'Debit Card', '2025-04-18 15:38:22', 'Shipped', 1080),
(3146, '2025-10-01 08:25:14', 'Credit Card', '2025-10-02 17:13:41', 'Shipped', 1096),
(3147, '2025-07-31 11:38:12', 'Debit Card', '2025-08-04 14:29:55', 'Delivered', 1026),
(3148, '2025-01-27 08:11:32', 'Credit Card', '2025-01-29 10:43:14', 'Shipped', 1057),
(3149, '2025-08-07 15:42:59', 'Gift Card', '2025-08-14 18:25:38', 'Delivered', 1065),
(3150, '2025-09-12 07:59:26', 'Gift Card', '2025-09-15 09:46:12', 'Delivered', 1054);

INSERT INTO OrderDetail (OrderID, ProductID, Qty) VALUES
(3001, 2069, 3),
(3001, 2018, 1),
(3001, 2081, 2),
(3002, 2039, 1),
(3002, 2050, 4),
(3002, 2066, 1),
(3002, 2030, 1),
(3003, 2055, 3),
(3004, 2007, 2),
(3004, 2034, 3),
(3005, 2024, 3),
(3005, 2072, 2),
(3005, 2056, 3),
(3005, 2009, 4),
(3005, 2028, 4),
(3006, 2007, 4),
(3007, 2047, 3),
(3007, 2061, 2),
(3007, 2028, 3),
(3007, 2077, 1),
(3008, 2053, 1),
(3009, 2068, 4),
(3010, 2055, 1),
(3010, 2013, 2),
(3010, 2001, 3),
(3010, 2001, 1),
(3010, 2064, 4),
(3011, 2053, 4),
(3011, 2035, 2),
(3011, 2012, 3),
(3011, 2066, 1),
(3012, 2040, 4),
(3012, 2003, 3),
(3013, 2011, 4),
(3013, 2008, 3),
(3013, 2078, 4),
(3013, 2005, 3),
(3014, 2067, 2),
(3014, 2081, 3),
(3014, 2020, 1),
(3014, 2073, 2),
(3014, 2052, 1),
(3015, 2008, 3),
(3015, 2003, 3),
(3015, 2040, 4),
(3015, 2010, 1),
(3016, 2080, 2),
(3016, 2037, 2),
(3017, 2043, 4),
(3017, 2012, 3),
(3017, 2019, 1),
(3017, 2053, 3),
(3017, 2067, 1),
(3018, 2042, 3),
(3018, 2011, 1),
(3019, 2065, 3),
(3019, 2009, 4),
(3020, 2057, 4),
(3020, 2020, 2),
(3020, 2078, 3),
(3020, 2042, 3),
(3020, 2003, 1),
(3021, 2073, 3),
(3021, 2032, 1),
(3022, 2033, 3),
(3022, 2022, 4),
(3022, 2026, 3),
(3022, 2005, 4),
(3023, 2031, 4),
(3023, 2045, 3),
(3024, 2027, 2),
(3025, 2078, 1),
(3025, 2025, 2),
(3025, 2030, 2),
(3026, 2046, 3),
(3026, 2033, 3),
(3026, 2030, 1),
(3026, 2041, 3),
(3027, 2033, 4),
(3027, 2059, 2),
(3027, 2033, 4),
(3028, 2077, 1),
(3028, 2025, 4),
(3028, 2044, 1),
(3028, 2027, 2),
(3029, 2051, 4),
(3029, 2072, 4),
(3030, 2038, 1),
(3030, 2043, 3),
(3030, 2043, 3),
(3031, 2039, 3),
(3032, 2074, 3),
(3032, 2060, 2),
(3033, 2040, 2),
(3034, 2075, 2),
(3034, 2077, 4),
(3035, 2080, 3),
(3035, 2045, 3),
(3035, 2015, 3),
(3036, 2025, 1),
(3036, 2029, 3),
(3036, 2038, 3),
(3036, 2076, 4),
(3037, 2030, 2),
(3037, 2004, 3),
(3037, 2047, 2),
(3037, 2022, 4),
(3038, 2044, 4),
(3038, 2008, 1),
(3038, 2062, 2),
(3038, 2003, 1),
(3039, 2049, 3),
(3039, 2077, 2),
(3040, 2070, 4),
(3040, 2073, 1),
(3041, 2056, 3),
(3041, 2001, 4),
(3041, 2024, 2),
(3041, 2016, 3),
(3042, 2037, 3),
(3042, 2064, 2),
(3042, 2050, 3),
(3043, 2023, 3),
(3043, 2034, 1),
(3043, 2060, 1),
(3043, 2047, 3),
(3043, 2071, 4),
(3044, 2026, 1),
(3045, 2012, 3),
(3045, 2040, 2),
(3045, 2031, 4),
(3045, 2042, 1),
(3045, 2077, 3),
(3046, 2079, 1),
(3046, 2032, 3),
(3046, 2019, 1),
(3046, 2024, 4),
(3047, 2059, 4),
(3048, 2020, 2),
(3048, 2040, 1),
(3049, 2063, 2),
(3049, 2028, 2),
(3049, 2031, 2),
(3050, 2034, 4),
(3051, 2076, 2),
(3051, 2028, 3),
(3051, 2072, 2),
(3052, 2033, 3),
(3053, 2046, 4),
(3053, 2075, 1),
(3053, 2042, 1),
(3054, 2022, 4),
(3054, 2009, 3),
(3054, 2072, 3),
(3055, 2015, 1),
(3055, 2078, 1),
(3055, 2022, 1),
(3055, 2057, 1),
(3056, 2029, 3),
(3056, 2046, 4),
(3056, 2073, 4),
(3056, 2070, 3),
(3056, 2046, 3),
(3057, 2040, 4),
(3057, 2052, 1),
(3057, 2062, 2),
(3057, 2009, 2),
(3058, 2039, 1),
(3058, 2013, 2),
(3058, 2057, 3),
(3059, 2072, 2),
(3059, 2039, 1),
(3059, 2051, 2),
(3059, 2003, 2),
(3059, 2032, 4),
(3060, 2012, 4),
(3060, 2075, 1),
(3060, 2076, 1),
(3060, 2003, 3),
(3061, 2059, 1),
(3061, 2066, 1),
(3061, 2025, 2),
(3062, 2026, 1),
(3062, 2036, 1),
(3062, 2056, 4),
(3062, 2063, 4),
(3062, 2014, 4),
(3063, 2041, 3),
(3063, 2007, 4),
(3063, 2065, 2),
(3063, 2014, 1),
(3063, 2013, 1),
(3064, 2042, 1),
(3064, 2014, 3),
(3064, 2074, 2),
(3064, 2070, 3),
(3064, 2010, 1),
(3065, 2049, 4),
(3065, 2008, 2),
(3065, 2052, 4),
(3065, 2080, 4),
(3065, 2042, 3),
(3066, 2050, 3),
(3066, 2016, 4),
(3066, 2064, 1),
(3066, 2059, 2),
(3066, 2035, 4),
(3067, 2019, 3),
(3067, 2053, 4),
(3067, 2056, 1),
(3067, 2033, 1),
(3068, 2007, 3),
(3068, 2038, 2),
(3068, 2001, 4),
(3068, 2011, 4),
(3068, 2010, 1),
(3069, 2035, 2),
(3069, 2056, 3),
(3069, 2043, 2),
(3069, 2003, 1),
(3069, 2056, 1),
(3070, 2015, 2),
(3071, 2001, 4),
(3071, 2018, 3),
(3071, 2050, 3),
(3071, 2010, 3),
(3071, 2040, 3),
(3072, 2066, 3),
(3072, 2080, 1),
(3072, 2078, 1),
(3072, 2054, 3),
(3073, 2078, 2),
(3073, 2023, 4),
(3073, 2014, 4),
(3074, 2080, 1),
(3074, 2054, 3),
(3075, 2020, 4),
(3075, 2003, 3),
(3075, 2068, 4),
(3075, 2031, 1),
(3075, 2062, 1),
(3076, 2048, 2),
(3077, 2027, 2),
(3077, 2057, 2),
(3077, 2022, 4),
(3077, 2041, 2),
(3078, 2010, 4),
(3078, 2076, 1),
(3079, 2036, 4),
(3079, 2021, 1),
(3079, 2016, 3),
(3079, 2031, 3),
(3080, 2024, 2),
(3080, 2023, 3),
(3080, 2020, 2),
(3080, 2049, 2),
(3080, 2047, 4),
(3081, 2013, 1),
(3081, 2010, 3),
(3082, 2022, 3),
(3082, 2004, 1),
(3082, 2049, 2),
(3083, 2031, 4),
(3084, 2028, 3),
(3084, 2021, 1),
(3084, 2016, 4),
(3084, 2024, 4),
(3084, 2046, 1),
(3085, 2080, 4),
(3085, 2040, 2),
(3086, 2053, 4),
(3087, 2060, 1),
(3087, 2012, 1),
(3087, 2030, 2),
(3087, 2052, 1),
(3087, 2021, 4),
(3088, 2067, 1),
(3088, 2071, 3),
(3088, 2011, 1),
(3088, 2051, 3),
(3088, 2002, 1),
(3089, 2007, 4),
(3089, 2040, 3),
(3089, 2030, 1),
(3089, 2081, 2),
(3089, 2053, 2),
(3090, 2003, 3),
(3090, 2048, 2),
(3090, 2012, 3),
(3090, 2015, 1),
(3091, 2031, 1),
(3091, 2015, 4),
(3092, 2008, 2),
(3093, 2073, 4),
(3094, 2009, 2),
(3094, 2016, 4),
(3095, 2041, 3),
(3096, 2008, 1),
(3096, 2050, 3),
(3096, 2060, 3),
(3097, 2030, 3),
(3098, 2048, 1),
(3099, 2036, 2),
(3099, 2013, 2),
(3099, 2003, 2),
(3099, 2061, 4),
(3099, 2048, 1),
(3100, 2010, 1),
(3100, 2033, 1),
(3100, 2070, 3),
(3100, 2025, 1),
(3100, 2013, 4),
(3101, 2007, 3),
(3101, 2068, 2),
(3101, 2057, 3),
(3102, 2061, 1),
(3102, 2059, 2),
(3103, 2028, 1),
(3103, 2072, 4),
(3103, 2054, 4),
(3104, 2024, 2),
(3104, 2060, 1),
(3105, 2057, 4),
(3105, 2070, 1),
(3105, 2047, 1),
(3106, 2052, 2),
(3106, 2050, 1),
(3106, 2041, 4),
(3107, 2031, 2),
(3107, 2041, 3),
(3107, 2068, 2),
(3108, 2054, 3),
(3108, 2067, 3),
(3108, 2066, 2),
(3108, 2036, 2),
(3108, 2050, 1),
(3109, 2032, 2),
(3109, 2069, 1),
(3109, 2073, 1),
(3109, 2028, 2),
(3110, 2025, 2),
(3110, 2055, 4),
(3110, 2042, 4),
(3110, 2062, 3),
(3110, 2039, 1),
(3111, 2080, 2),
(3112, 2044, 1),
(3113, 2058, 3),
(3113, 2025, 2),
(3113, 2005, 2),
(3114, 2042, 4),
(3115, 2030, 4),
(3116, 2026, 2),
(3117, 2007, 1),
(3117, 2001, 1),
(3117, 2055, 1),
(3118, 2003, 4),
(3118, 2034, 1),
(3119, 2029, 3),
(3119, 2028, 3),
(3119, 2076, 3),
(3120, 2077, 3),
(3120, 2042, 4),
(3120, 2012, 1),
(3121, 2040, 3),
(3121, 2048, 2),
(3121, 2048, 4),
(3121, 2016, 3),
(3121, 2002, 1),
(3122, 2068, 1),
(3122, 2065, 4),
(3122, 2041, 1),
(3122, 2021, 2),
(3123, 2070, 1),
(3123, 2057, 2),
(3123, 2064, 1),
(3123, 2033, 4),
(3124, 2062, 3),
(3125, 2047, 4),
(3125, 2009, 3),
(3126, 2074, 4),
(3127, 2061, 2),
(3127, 2080, 3),
(3127, 2020, 4),
(3127, 2013, 4),
(3127, 2035, 2),
(3128, 2081, 4),
(3128, 2003, 3),
(3128, 2037, 1),
(3128, 2026, 2),
(3129, 2038, 4),
(3129, 2026, 3),
(3129, 2079, 4),
(3130, 2023, 3),
(3130, 2013, 1),
(3131, 2061, 4),
(3131, 2039, 3),
(3131, 2066, 4),
(3132, 2075, 4),
(3132, 2048, 3),
(3132, 2080, 3),
(3132, 2062, 3),
(3132, 2041, 4),
(3133, 2032, 4),
(3133, 2050, 1),
(3133, 2072, 2),
(3133, 2046, 1),
(3133, 2036, 3),
(3134, 2043, 1),
(3134, 2077, 4),
(3134, 2038, 1),
(3134, 2076, 3),
(3134, 2004, 3),
(3135, 2008, 1),
(3135, 2016, 4),
(3135, 2021, 2),
(3135, 2046, 4),
(3136, 2081, 1),
(3136, 2030, 1),
(3136, 2043, 4),
(3137, 2056, 4),
(3137, 2011, 1),
(3137, 2067, 4),
(3137, 2050, 4),
(3138, 2079, 4),
(3138, 2073, 3),
(3138, 2075, 2),
(3138, 2026, 1),
(3139, 2064, 3),
(3139, 2002, 2),
(3139, 2060, 2),
(3140, 2047, 3),
(3140, 2076, 1),
(3141, 2007, 1),
(3141, 2077, 2),
(3141, 2025, 1),
(3142, 2075, 1),
(3143, 2081, 1),
(3143, 2034, 3),
(3144, 2025, 3),
(3144, 2077, 1),
(3144, 2073, 4),
(3144, 2030, 3),
(3145, 2002, 3),
(3146, 2008, 1),
(3146, 2045, 3),
(3147, 2046, 2),
(3147, 2061, 2),
(3147, 2022, 3),
(3147, 2053, 1),
(3148, 2022, 3),
(3148, 2055, 1),
(3149, 2039, 3),
(3149, 2071, 4),
(3149, 2034, 4),
(3149, 2062, 4),
(3150, 2063, 3),
(3150, 2046, 2),
(3150, 2071, 2),
(3150, 2039, 1);


-- updated during the lecture to include the OrderTotal column in the OnlineOrder table
ALTER TABLE OnlineOrder
    ADD COLUMN OrderTotal DOUBLE AFTER CustomerID;
    

-- populate the OrderTotal field based on the actual computation
UPDATE OnlineOrder ord
    INNER JOIN (
        SELECT d.OrderID, SUM(d.Qty*p.UnitPrice) AS GrandTotal FROM OrderDetail d
            INNER JOIN Product p
                ON d.ProductID = p.ProductID
                    GROUP BY d.OrderID
    ) res
        ON ord.OrderID = res.OrderID
    SET ord.OrderTotal = res.GrandTotal;
    
    
-- add a stored procedure
DROP PROCEDURE IF EXISTS CALCULATE_ORDER_TOTAL;
DELIMITER $$
CREATE PROCEDURE CALCULATE_ORDER_TOTAL(IN order_id INTEGER)
BEGIN
    UPDATE OnlineOrder o
    SET o.OrderTotal = (
        SELECT SUM(p.UnitPrice*d.Qty)
        FROM OrderDetail d
        INNER JOIN Product p
            ON d.ProductID = p.ProductID
        WHERE OrderID = order_id
    )
    WHERE o.OrderID = order_id;
END$$
DELIMITER ;


-- add the three triggers on the OrderDetail table
DROP TRIGGER IF EXISTS orderdetail_after_insert;
DELIMITER $$
CREATE TRIGGER orderdetail_after_insert
    AFTER INSERT ON OrderDetail
    FOR EACH ROW
BEGIN
    CALL CALCULATE_ORDER_TOTAL(NEW.OrderID);
END$$
DELIMITER ;


DROP TRIGGER IF EXISTS orderdetail_after_delete;
DELIMITER $$
CREATE TRIGGER orderdetail_after_delete
    AFTER DELETE ON OrderDetail
    FOR EACH ROW
BEGIN
    CALL CALCULATE_ORDER_TOTAL(OLD.OrderID);
END$$
DELIMITER ;


DROP TRIGGER IF EXISTS orderdetail_after_update;
DELIMITER $$
CREATE TRIGGER orderdetail_after_update
    AFTER UPDATE ON OrderDetail
    FOR EACH ROW
BEGIN
    -- Recalculate the old one
    CALL CALCULATE_ORDER_TOTAL(OLD.OrderID);
    
    -- Recalculate the new one if necessary
    IF NEW.OrderID <> OLD.OrderID THEN
        CALL CALCULATE_ORDER_TOTAL(NEW.OrderID);
    END IF;
END$$
DELIMITER ;



-- add a user-defined function
DROP FUNCTION IF EXISTS GET_AFTER_TAX;
DELIMITER $$
CREATE FUNCTION GET_AFTER_TAX(price DOUBLE)
RETURNS DOUBLE
DETERMINISTIC
BEGIN
    RETURN price * 1.06;
END$$
DELIMITER ; 